01Clarian/learn-near,2024-05-14 14:07:33.732550
2BeBuilt/near-explorer-contract,2024-05-14 14:08:36.157446
AhaLabs/nft-tutorial,2024-05-14 14:09:34.955948
AhaLabs/witme,2024-05-14 14:09:38.968318
AnicetNgrt/near_counter_svelte,2024-05-14 14:15:36.155661
DoNFT/DoNFT-MVP-NEAR,2024-05-14 14:18:39.394616
DoNFT/DoNFT-MVP-Solana,2024-05-14 14:18:42.494225
Lyons800/ethdenver2024,2024-05-14 14:23:44.719061
NearDeFi/wrapped-ft,2024-05-14 14:26:47.191023
RealisNetwork/grandpa-bridge-gadget,2024-05-14 14:28:48.689171
Shard-Labs/near_non_fungible_token_with_clone,2024-05-14 14:29:50.773669
XP-NETWORK/substrate-based-node,2024-05-14 14:34:02.454547
aeither/near-journey,2024-05-14 14:34:55.212231
aerx-dev/metabuild-hackathon,2024-05-14 14:35:00.525067
aurora-is-near/aurora-workspace,2024-05-14 14:36:56.820538
brolab-io/near,2024-05-14 14:38:59.445030
brolab-io/scity-near-contract,2024-05-14 14:39:02.832562
crypto-blessing/blessing-dapp-sol,2024-05-14 14:42:01.839266
electrone901/Archiblocks,2024-05-14 14:46:05.952747
electrone901/near-guessing-game,2024-05-14 14:46:14.280995
electrone901/near-nft-mint,2024-05-14 14:46:17.421710
electrone901/near-nft-minting,2024-05-14 14:46:39.411738
electrone901/quotes,2024-05-14 14:46:48.156190
encody/dao-in-15,2024-05-14 14:47:06.658969
encody/near-private-data,2024-05-14 14:47:11.365690
fluencelabs/benchmark-service,2024-05-14 14:49:08.637787
frol/near-devgov-badges,2024-05-14 14:50:08.839796
frol/near-web4-demo,2024-05-14 14:50:12.598609
frol/near-workshop-2021,2024-05-14 14:50:15.502041
frol/qbit-cert,2024-05-14 14:50:19.352198
kalloc/near-rnd-example,2024-05-14 14:55:14.146990
kalloc/near-witgen-template,2024-05-14 14:55:17.082945
kamalbuilds/Near-StoreHub,2024-05-14 14:55:21.088037
lennybreeds/neareye,2024-05-14 14:57:17.234541
mm-near/near-demo-betteryou,2024-05-14 15:00:19.452117
mm-near/near-email-auth,2024-05-14 15:00:22.348876
mm-near/near-queue,2024-05-14 15:00:25.212604
naismith-blkops/legacy-near-contracts,2024-05-14 15:01:20.301662
namqdam/merkle-distributor,2024-05-14 15:01:24.399874
near/pagoda-relayer-rs,2024-05-14 15:03:23.783190
nearvndev/uit-ecommerce-contract-tests,2024-05-14 15:04:22.845282
nearvndev/vbi-certificate-nft-contract,2024-05-14 15:04:26.152706
nearvndev/vbi-ft,2024-05-14 15:04:29.100905
nearvndev/voting-contract-rs,2024-05-14 15:04:32.232168
nearwatch/NearNftGuarantor,2024-05-14 15:04:35.518224
octopus-network/token-mapping-contract,2024-05-14 15:06:25.221290
octopus-network/wrapped-appchain-nft,2024-05-14 15:06:28.478888
octopus-network/wrapped-appchain-token,2024-05-14 15:06:31.313841
odradev/nysa,2024-05-14 15:06:35.365750
otmoic/atomic-swap-contracts,2024-05-14 15:07:27.999603
ottpeter/FonoRoot,2024-05-14 15:07:51.392113
oxgodzilla/nft-market-solana,2024-05-14 15:07:55.429475
purecube/purecube-near-contracts,2024-05-14 15:10:29.348140
screadore/Social_engagement_token_faucet,2024-05-14 15:13:32.192401
skyekiwi/mpc,2024-05-14 15:14:33.767302
skyekiwi/skyekiwi-network,2024-05-14 15:14:38.468605
subspace/NEARHack-2022,2024-05-14 15:15:35.053110
tieubaoca/near-simple-auction,2024-05-14 15:17:37.585627
vgrichina/near-state-indexer,2024-05-14 15:19:39.315419
482solutions/hk-robofi-sdex-market,2024-05-14 16:04:41.078804
AndWa/ggQuest-near-integration,2024-05-14 16:05:48.029791
AndWa/near-poc,2024-05-14 16:05:50.995414
AndWa/the-round-project-shared,2024-05-14 16:05:56.990847
AndreIglesias/Nauction,2024-05-14 16:06:00.090628
482solutions/near_hackathon,2024-05-14 16:13:47.345191
ChainSafe/api3-rust,2024-05-14 16:15:48.918768
GwangIl-Park/NEAR_Contract_Analyze,2024-05-14 16:18:53.313891
NEARFoundation/request-network,2024-05-14 16:24:56.112860
NicholsonTsang/rustStatusMessage,2024-05-14 16:25:57.437042
Nikhil05711/rust_escrow,2024-05-14 16:26:01.623583
Phonbopit/near-hello-world,2024-05-14 16:26:59.460668
Three0Dev/Three0,2024-05-14 16:31:09.907209
VitalPointAI/near-onboarding-individuals,2024-05-14 16:32:11.721984
VitalPointAI/role-contracts,2024-05-14 16:32:16.626678
VitalPointAI/rust-counter-tutorial,2024-05-14 16:32:19.793621
XP-NETWORK/frost-secp256k1-js,2024-05-14 16:33:05.454357
andrewwhitehouse/writing,2024-05-14 16:35:06.068580
aurora-is-near/borealis-block-finder,2024-05-14 16:36:09.071429
cloudmex/Nativo-NFT-marketplace-std,2024-05-14 16:40:11.141490
cloudmex/Nativo-NFT-minter-std,2024-05-14 16:40:14.404339
cultist-tech/smarthub-sdk,2024-05-14 16:41:13.778518
dantenetwork/protocol-stack-for-ink,2024-05-14 16:42:13.396206
dantenetwork/protocol-sui,2024-05-14 16:42:16.639984
denbite-is-near/raffler_app,2024-05-14 16:43:14.102840
electrone901/transfer-kittens-tokens-,2024-05-14 16:45:16.136785
esaminu/test-rs-boilerplate-10,2024-05-14 16:46:17.252920
esaminu/test-rs-boilerplate-1003,2024-05-14 16:46:20.375059
esaminu/test-rs-boilerplate-1032,2024-05-14 16:46:23.413268
esaminu/test-rs-boilerplate-1033,2024-05-14 16:46:26.523432
esaminu/test-rs-boilerplate-1034,2024-05-14 16:46:29.642548
esaminu/test-rs-boilerplate-1045,2024-05-14 16:46:32.730161
esaminu/test-rs-boilerplate-1054,2024-05-14 16:46:35.779262
esaminu/test-rs-boilerplate-1063,2024-05-14 16:46:38.897757
esaminu/test-rs-boilerplate-1064,2024-05-14 16:46:42.007861
exponentsoftware/tempo,2024-05-14 16:47:19.021383
fluencelabs/indexer_workshop,2024-05-14 16:48:19.257409
ismaelsousa/solana-figment,2024-05-14 16:52:27.017829
keypom/ws-plugin,2024-05-14 16:54:25.539045
khanetor/blockipedia-near,2024-05-14 16:54:30.727151
kycdao/chainalysis-client,2024-05-14 16:55:27.682548
near/near-public-lakehouse,2024-05-14 17:01:33.413956
near/near-sdk-abi,2024-05-14 17:01:37.310266
postech-dao/polkadot,2024-05-14 17:07:37.849492
postech-dao/simperby,2024-05-14 17:07:41.556163
postech-dao/simperby-evm,2024-05-14 17:07:45.189087
postech-dao/zkp-poc,2024-05-14 17:07:48.386071
simondpalmer/furball_dapp,2024-05-14 17:11:48.484234
think-in-universe/webgames-near-nftdrop,2024-05-14 17:14:46.945337
trezbouchez/eneftigo_contracts,2024-05-14 17:15:47.869094
trieucse/NearCare_v1,2024-05-14 17:16:02.384226
vunguyen9404/merkle-airdrop-contract,2024-05-14 17:17:49.542036
willemneal/amm,2024-05-14 17:18:51.420642
CanvasL/Ballot,2024-05-14 17:44:25.352999
CronCats/Schedule,2024-05-14 17:45:22.271776
CronCats/contracts,2024-05-14 17:45:27.020160
DecentralBankDAO/usn,2024-05-14 17:46:25.018722
ErastusMunala/Pharma,2024-05-14 17:47:27.118764
ErastusMunala/sample_2,2024-05-14 17:47:29.948316
Heiman0121/near-smart-contract,2024-05-14 17:48:45.173151
Helme0315/cross-contract-rust-counter,2024-05-14 17:48:48.403660
RealisNetwork/contracts,2024-05-14 17:57:35.511723
SeongMinJin/near_prac,2024-05-14 17:58:39.396472
Sergei2404/hapi-token,2024-05-14 17:58:43.703326
Super999Christ/RustCounter,2024-05-14 17:59:36.400982
SuperBatata/Burrow-Light,2024-05-14 17:59:39.459071
XP-NETWORK/frost-dalek,2024-05-14 18:02:39.106929
XP-NETWORK/frost-dalek-js,2024-05-14 18:02:43.082146
adieUkid/near-tree-hole,2024-05-14 18:03:47.461109
aufacicenta/splitfund-contracts,2024-05-14 18:05:42.657012
battlemon-project/battlemon_models,2024-05-14 18:06:42.915816
battlemon-project/battlemon_sui_models,2024-05-14 18:06:45.835056
battlemon-project/contracts,2024-05-14 18:06:49.335985
connect3world/near-nft-example,2024-05-14 18:10:48.698679
dvconsultores/marketplace_nft,2024-05-14 18:14:51.824145
dvconsultores/mintickt_backend,2024-05-14 18:14:55.573133
dvconsultores/monkeonnear_backend,2024-05-14 18:14:58.668372
esaminu/console-boilerplate-template-rs-25-r,2024-05-14 18:15:51.795096
esaminu/console-boilerplate-template-rs-25-t,2024-05-14 18:15:54.698471
esaminu/console-boilerplate-template-rs-25-t-tr,2024-05-14 18:15:57.637769
esaminu/console-boilerplate-template-rs-25-tr-o,2024-05-14 18:16:00.540361
esaminu/console-boilerplate-template-rs-25-tr-op,2024-05-14 18:16:03.488270
esaminu/console-boilerplate-template-rs-25-tro,2024-05-14 18:16:06.431313
esaminu/console-boilerplate-template-rs-251,2024-05-14 18:16:09.330459
esaminu/console-boilerplate-template-rs-2512,2024-05-14 18:16:12.257478
esaminu/console-boilerplate-template-rs-2523,2024-05-14 18:16:15.179096
fluencelabs/aqua-ipfs,2024-05-14 18:17:55.773101
freewind-demos/near-rust-contract-hello-world-demo,2024-05-14 18:18:55.137239
gpteth/-,2024-05-14 18:19:57.177817
gpteth/influencerfi,2024-05-14 18:20:00.078443
hermes1108/near-coinflip-smart-contract,2024-05-14 18:20:57.194052
hermes1108/near-ft-smart-contract,2024-05-14 18:21:00.150589
hermes1108/near-mighty-kernel-republic-nft-smart-contract,2024-05-14 18:21:04.879242
hermes1108/near-mr-giggles-nft-smart-contract,2024-05-14 18:21:07.815002
hermes1108/near-nft-marketplace-smart-contract,2024-05-14 18:21:10.698558
hermes1108/near-nft-smart-contract,2024-05-14 18:21:13.529494
laitsky/near-sosmed-contracts,2024-05-14 18:26:02.674830
laitsky/near-z2h-tutorial,2024-05-14 18:26:05.532489
laitsky/tamagotchi-on-near,2024-05-14 18:26:08.526461
miguelangelomendes/BuyThem,2024-05-14 18:29:04.937407
near-examples/rust-status-message,2024-05-14 18:31:08.274254
near/near-indexer-for-explorer,2024-05-14 18:32:08.720762
near/near-jsonrpc-client-rs,2024-05-14 18:32:12.196258
near/near-lake-framework-rs,2024-05-14 18:32:15.463851
near/near-lake-indexer,2024-05-14 18:32:18.436979
ninjadev0706/near-coinflip,2024-05-14 18:34:10.063986
ninjadev0706/near-nft-minter,2024-05-14 18:34:13.003093
ninjadev0706/nft-mint-website,2024-05-14 18:34:16.035901
ninjadev0706/nft-staking-platform,2024-05-14 18:34:19.079937
ninjadev0706/terraspace-near,2024-05-14 18:34:23.379469
octopus-network/near-ibc,2024-05-14 18:35:11.589894
octopus-network/near-light-client-rs,2024-05-14 18:35:15.106085
polywrap/gelato-relay-wrap,2024-05-14 18:38:14.823907
ref-finance/boost-farm,2024-05-14 18:40:17.459189
switchboard-xyz/solana-functions-template,2024-05-14 18:44:20.250676
switchboard-xyz/solana-oracle-function-example,2024-05-14 18:44:23.671822
switchboard-xyz/solana-sdk,2024-05-14 18:44:28.972262
usmansaleem/near_rust_tutorial,2024-05-14 18:47:25.019709
vladkens/nearvember-5,2024-05-14 18:48:23.991856
vladkens/nearvember-challenge-10,2024-05-14 18:48:26.893359
vladkens/nearvember-challenge-7,2024-05-14 18:48:29.907177
vlmoon99/get_near_testnet_money,2024-05-14 18:48:48.628435
zavodil/near-web4-contract,2024-05-14 18:51:26.909214
zavodil/near-web4-template,2024-05-14 18:51:29.881823
zavodil/nearspace-nft,2024-05-14 18:51:33.341472
zavodil/pluminite-ui,2024-05-14 18:51:37.903845
zavodil/pluminite-ui-dev,2024-05-14 18:51:42.389487
zavodil/quizchain,2024-05-14 18:51:45.362061
zavodil/rust-counter-cross-contract,2024-05-14 18:51:48.834525
AE-0h/Near_RustSandBox,2024-05-14 22:14:22.013601
Collins-Ruto/Logistics-blockchain,2024-05-14 22:16:23.413725
Collins-Ruto/near-rust-nextjs-template,2024-05-14 22:16:26.483731
Collins-Ruto/restaurant-service-app,2024-05-14 22:16:30.906418
Edossolo/pizza-dapp-near,2024-05-14 22:18:27.141930
GiongNetwork/pristorage,2024-05-14 22:19:28.160435
IvanMacek/near-rust-playground,2024-05-14 22:20:27.398056
Nearblocks/nearblocks,2024-05-14 22:26:34.236457
Necmttn/dont-panic,2024-05-14 22:26:38.347323
RealisNetwork/substrate-debug-kit,2024-05-14 22:28:35.644949
Shockedshodan/first-near-contract,2024-05-14 22:29:41.380903
VlodkoMr/near-control-payment,2024-05-14 22:32:40.060589
blockwave-near/Synchro-Token-Contract,2024-05-14 22:37:44.517069
blockwave-near/bNear-contracts,2024-05-14 22:37:47.553579
blockwave-near/money-market-contract,2024-05-14 22:37:50.733350
chikai-io/contract-interface,2024-05-14 22:39:47.951121
cristian-zam/NFT-culturas-latinas,2024-05-14 22:40:57.849027
esaminu/test-rs-boilerplate-12,2024-05-14 22:45:52.210974
esaminu/test-rs-boilerplate-3,2024-05-14 22:45:55.535196
esaminu/test-rs-boilerplate-4,2024-05-14 22:45:58.818459
esaminu/test-rs-boilerplate-5,2024-05-14 22:46:01.997291
esaminu/test-rs-boilerplate-543,2024-05-14 22:46:05.643867
esaminu/test-rs-boilerplate-6,2024-05-14 22:46:08.931844
esaminu/test-rs-boilerplate-7,2024-05-14 22:46:12.248559
esaminu/test-rs-boilerplate-8,2024-05-14 22:46:15.519038
esaminu/test-rs-boilerplate-9,2024-05-14 22:46:18.829409
fluencelabs/randomx_risc0,2024-05-14 22:47:55.412218
fluencelabs/rbac,2024-05-14 22:47:58.330720
fluencelabs/registry,2024-05-14 22:48:02.849381
hyperswap/near-contract,2024-05-14 22:51:37.752233
lequangphuong/dapp,2024-05-14 22:56:04.157968
mohitchandel/near-inr-insurance,2024-05-14 22:59:04.843643
mohitchandel/near-token-drop,2024-05-14 22:59:07.734570
near/dkim-auth,2024-05-14 23:01:08.196234
nearlog/nearlog-protocol,2024-05-14 23:02:08.430471
nearlog/price-oracle,2024-05-14 23:02:11.312500
octopus-network/light-clients,2024-05-14 23:04:10.790588
oraichain/learn-web3-dapp,2024-05-14 23:05:12.218345
pepsighan/nearpass,2024-05-14 23:06:12.766094
racso2609/near-protocol-nft,2024-05-14 23:08:19.146073
szhelonkin/experimental-protocol,2024-05-14 23:13:24.285082
thalasith/decentrahoops,2024-05-14 23:14:22.279863
thalasith/message-app,2024-05-14 23:14:25.623642
vself-project/vself-dao,2024-05-14 23:17:27.458041
welldonestudio/sui-explorer,2024-05-14 23:18:31.594188
CrossChainLabs/near-dns,2024-05-15 08:41:16.989371
CrossChainLabs/near-registrar,2024-05-15 08:41:20.304255
NEAR-Hispano/blockjobs,2024-05-15 08:49:26.139064
NEAR-Hispano/certificados,2024-05-15 08:49:29.664555
NEAR-Hispano/cook-dapp,2024-05-15 08:49:36.470917
NEAR-Hispano/guilds-platform,2024-05-15 08:49:40.779992
OrderlyNetwork/near_integration_tests_tooling,2024-05-15 08:51:26.214164
Stolkerve/DIR-BlockJobs,2024-05-15 08:54:32.448006
VadimLarinTech/dear-procrastination,2024-05-15 08:56:31.728461
XP-NETWORK/dfinity-integration,2024-05-15 08:57:32.275578
XP-NETWORK/dfinity-xpnft,2024-05-15 08:57:35.767115
XP-NETWORK/egld-esdt-swap,2024-05-15 08:57:39.736890
ameliejyc/rust-hello-near,2024-05-15 08:59:35.527857
aurora-is-near/aurora-blake2,2024-05-15 09:00:37.371222
battlemon-project/indexer,2024-05-15 09:01:36.533910
battlemon-project/lemotests,2024-05-15 09:01:39.488872
battlemon-project/near_json_rpc_client_wrapper,2024-05-15 09:01:42.912692
battlemon-project/rest,2024-05-15 09:01:46.248278
charleslavon/cg-rs-template,2024-05-15 09:04:38.920689
combi16/bridge,2024-05-15 09:07:30.935693
dacadeorg/near-marketplace-dapp,2024-05-15 09:08:35.513489
dalmasonto/Near-Bitke,2024-05-15 09:08:38.675537
dalmasonto/Near-ToDo-App,2024-05-15 09:08:41.751419
diadata-org/bridgestate-ocw,2024-05-15 09:10:37.986615
diadata-org/dia-oracle-anchor,2024-05-15 09:10:41.661100
diadata-org/dia-substrate,2024-05-15 09:11:01.714140
diadata-org/dia-wasm-oracle,2024-05-15 09:11:04.776105
emaitee/mylikita-rust-smart-contract,2024-05-15 09:12:40.445334
fluencelabs/aquavm,2024-05-15 09:14:44.040212
jeKnowledge/near-bot,2024-05-15 09:19:51.894418
jefedeoro/TokenTogether,2024-05-15 09:19:55.537555
lewlian/tezos-figment-dump,2024-05-15 09:22:49.026418
near/boilerplate-template-rs,2024-05-15 09:27:55.111390
nhussein11/web3-infura,2024-05-15 09:29:57.559288
octopus-network/ics06-solomachine,2024-05-15 09:30:59.045293
r-strawser/near-simple-nft,2024-05-15 09:35:04.456982
redstone-finance/synths-on-near,2024-05-15 09:36:05.827934
sept-en/eth-connector,2024-05-15 09:38:06.429867
somthn0somthn/near-nft-privileges-poc,2024-05-15 09:39:12.864190
somthn0somthn/near-smart-contract-fun,2024-05-15 09:39:20.638259
superposition/nearly-board-chess-club,2024-05-15 09:41:15.238736
sushmitsarmah/aurora_hack23,2024-05-15 09:41:19.275293
sushmitsarmah/encode_open_data_hack,2024-05-15 09:41:22.213628
sushmitsarmah/nearcon23_contracts,2024-05-15 09:41:25.413669
vgrichina/universal-fungible-token-rs,2024-05-15 09:45:23.507644
wormhole-foundation/wormhole-icco,2024-05-15 09:47:24.395614
wormhole-foundation/wormhole-scaffolding,2024-05-15 09:47:28.853009
wormhole-foundation/wormhole-sdk-rs,2024-05-15 09:47:31.991513
zavodil/near-social-avatars,2024-05-15 09:48:25.125301
zavodil/near-social-drops,2024-05-15 09:48:28.508104
zavodil/near-social-hot-or-bot,2024-05-15 09:48:31.489715
zavodil/near-staking-pool-owner,2024-05-15 09:48:34.519541
zavodil/near-time-nft,2024-05-15 09:48:38.308135
CSFM93/NearPlayGround,2024-05-15 12:20:50.306142
CronCats/croncat-rs,2024-05-15 12:21:50.456806
CronCats/cw-purrbox,2024-05-15 12:21:56.392990
DegaLabs/nstable-contracts,2024-05-15 12:22:51.768853
KenMan79/NEAR-Proof-of-Work-Faucet,2024-05-15 12:25:55.822830
LTBach/Blockchain_in_Manufacturing,2024-05-15 12:26:57.743001
Learn-NEAR/factory-example,2024-05-15 12:28:01.182604
Learn-NEAR/multiple-cross-contract-calls,2024-05-15 12:28:04.802639
Meta-Pool/liquid-staking-contract,2024-05-15 12:28:58.721246
Meta-Pool/lockup-stake-metapool,2024-05-15 12:29:02.068119
NEARFoundation/projects-board,2024-05-15 12:30:59.048343
Ni3l55/wehave-metabuild,2024-05-15 12:32:03.431817
NiFTyRent/nft-rental,2024-05-15 12:32:06.636189
RealityNearFoundation2022/contracts,2024-05-15 12:34:13.831798
Seed-Web3/private_seed_fe_sc,2024-05-15 12:35:15.676556
Seed-Web3/seed_metabuild,2024-05-15 12:35:28.706925
Solniechniy/Anti-fundraising,2024-05-15 12:36:04.564862
Solniechniy/Bocachica-Lottery,2024-05-15 12:36:07.730411
TrevorJTClarke/near-ceramic-vue,2024-05-15 12:38:06.868786
TrevorJTClarke/near-vue-tailwind,2024-05-15 12:38:10.743036
cantoverse-space/cantoverse-contract,2024-05-15 12:45:16.688110
esaminu/console-boilerplate-template-rs-local-foo,2024-05-15 12:52:19.806811
esaminu/console-boilerplate-template-rs-local-oof,2024-05-15 12:52:22.648348
esaminu/console-boilerplate-template-rs-local-oog,2024-05-15 12:52:25.578525
esaminu/console-boilerplate-template-rs-local-ooh,2024-05-15 12:52:28.502966
esaminu/console-boilerplate-template-rs-local-ooi,2024-05-15 12:52:31.446374
esaminu/console-boilerplate-template-rs-local-ooj,2024-05-15 12:52:34.342790
esaminu/console-boilerplate-template-rs-local-ook,2024-05-15 12:52:37.273674
esaminu/console-boilerplate-template-rs-local-ool,2024-05-15 12:52:40.173363
esaminu/console-boilerplate-template-rs-local-oolfdc,2024-05-15 12:52:43.149413
evgenykuzyakov/berryclub-testnet,2024-05-15 12:53:21.417802
evgenykuzyakov/berryfarm,2024-05-15 12:53:24.688927
evgenykuzyakov/compact-indexer,2024-05-15 12:53:27.727762
evgenykuzyakov/dacha,2024-05-15 12:53:30.812622
evgenykuzyakov/game-of-life,2024-05-15 12:53:33.998885
evgenykuzyakov/hexland,2024-05-15 12:53:38.835057
khoa-nvk/paydii-near,2024-05-15 13:01:05.239097
khorolets/account-lookup-rs,2024-05-15 13:01:08.213944
khorolets/keyvalue-contract,2024-05-15 13:01:11.226147
macroexpansion/san,2024-05-15 13:03:31.578167
maexx393/mintgate,2024-05-15 13:03:34.915287
maexx393/nearnft,2024-05-15 13:03:38.144547
near-examples/FT,2024-05-15 13:06:36.315344
near/create-near-app,2024-05-15 13:07:35.738307
nikbhintade/cf-sm-rust,2024-05-15 13:09:37.023971
nikbhintade/guest-book-near,2024-05-15 13:09:40.048435
nikhilsamrat/my-swapper,2024-05-15 13:09:43.644998
octopus-network/octopus-pallets,2024-05-15 13:10:39.053255
polywrap/web-scraper,2024-05-15 13:13:41.606282
polywrap/wrap-abi-bindgen,2024-05-15 13:13:45.663621
polywrap/wrap-test-harness,2024-05-15 13:13:49.088079
roke-to/near-nft-benefits-vault,2024-05-15 13:15:45.566216
sjriddle/degen-games,2024-05-15 13:17:47.204968
uncle-T0ny/near_course_app_1,2024-05-15 13:21:49.100765
uncle-T0ny/nearmarket,2024-05-15 13:21:52.023386
unifat-xyz/NRC404,2024-05-15 13:21:56.216462
web3gamesofficial/web3games-blockchain,2024-05-15 13:23:53.362198
xp-network/xcmp_pallet-poc,2024-05-15 13:24:52.487443
xp-network/xpnft-solana,2024-05-15 13:24:56.560691
xremora/basic-asset-custody,2024-05-15 13:25:00.739974
ArceiuSQuang/template_structure_near,2024-05-15 13:45:25.849767
DAOrecords/SoundSplash,2024-05-15 13:47:57.338363
Kishoraditya/near_hack2,2024-05-15 13:51:33.389366
Kouprin/contracts-one,2024-05-15 13:51:37.543694
KulaPad/KuLaSmartContract,2024-05-15 13:51:40.957674
NEARFoundation/near-smart-contract-rust-template,2024-05-15 13:55:35.006113
NEARFoundation/near-tta-rust,2024-05-15 13:55:37.986588
Pranav543/metabuild-hackathon-project,2024-05-15 13:57:37.977308
Pranav543/rust_counter,2024-05-15 13:57:40.820655
RijulGulati/nearpaste,2024-05-15 13:58:39.577713
XP-NETWORK/serde_xp_protocol,2024-05-15 14:02:41.784124
XP-NETWORK/solidity-compiler,2024-05-15 14:02:44.838223
birea/rust-contract-events,2024-05-15 14:06:45.706831
birea/rust-ft-raffle,2024-05-15 14:06:48.525567
bit2world/Near-Royalty,2024-05-15 14:06:51.556961
dTelecom/metabuild,2024-05-15 14:10:52.839147
dvconsultores/artemis_back,2024-05-15 14:13:54.057777
esaminu/console-boilerplate-template-rs-local-copy-2,2024-05-15 14:14:53.967774
esaminu/console-boilerplate-template-rs-local-copy-5,2024-05-15 14:14:56.864602
esaminu/console-boilerplate-template-rs-local-copy-5-192,2024-05-15 14:14:59.680318
esaminu/console-boilerplate-template-rs-local-oolkjhg,2024-05-15 14:15:02.567988
esaminu/console-boilerplate-template-rs-local-oon,2024-05-15 14:15:05.460480
esaminu/console-boilerplate-template-rs-local-ooo,2024-05-15 14:15:08.410130
esaminu/console-boilerplate-template-rs-local-oop,2024-05-15 14:15:11.295597
esaminu/console-boilerplate-template-rs-local-ooq,2024-05-15 14:15:14.255838
esaminu/console-boilerplate-template-rs-local-oor,2024-05-15 14:15:17.196245
evgenykuzyakov/wonderland,2024-05-15 14:15:54.948633
evgenykuzyakov/workshop,2024-05-15 14:15:57.961579
evienear/evie_backend,2024-05-15 14:16:00.890345
hack-a-chain-software/peter-bot-smart-contract,2024-05-15 14:18:58.075491
iangriggs/near_delegation,2024-05-15 14:19:58.724744
ibarczi/cmg-near,2024-05-15 14:20:02.222744
metaseed-project/template-contracts,2024-05-15 14:26:05.737403
metastagejustin/MetaStage,2024-05-15 14:26:09.533405
mstrong-tech/rust-status-message,2024-05-15 14:27:05.789427
near-examples/crossword-tutorial-chapter-1,2024-05-15 14:28:10.964805
near-examples/crossword-tutorial-chapter-2,2024-05-15 14:28:14.360242
near-examples/crossword-tutorial-chapter-3,2024-05-15 14:28:17.456892
redstone-finance/redstone-near-dapp-example-rust,2024-05-15 14:36:15.426650
redstone-finance/redstone-oracles-monorepo,2024-05-15 14:36:21.727138
rust-master/near-nft,2024-05-15 14:37:16.097952
tacanslabs/veax,2024-05-15 14:40:19.419950
takagi-sh/tokyo_eth,2024-05-15 14:40:24.551688
the0developer/marble-marketplace-contract,2024-05-15 14:41:21.325778
tran-thanh-phong/lottery,2024-05-15 14:42:20.968517
tran-thanh-phong/my-coin-flip,2024-05-15 14:42:23.794566
tran-thanh-phong/near-greeting,2024-05-15 14:42:26.668460
tranhuyducseven/Donapp,2024-05-15 14:42:29.681794
zavodil/near-giveaway,2024-05-15 14:46:26.114986
zavodil/near-multisender,2024-05-15 14:46:29.148124
zavodil/near-multisender-minimal,2024-05-15 14:46:32.039078
zavodil/near-nfticket,2024-05-15 14:46:34.894617
zavodil/near-pool-details,2024-05-15 14:46:37.856627
zavodil/near-price-oracle-converter,2024-05-15 14:46:40.835728
DonggiChae/sto_project,2024-05-15 15:21:15.272212
NEARCrowd/NEARCrowd,2024-05-15 15:28:25.138537
NepBot/Nepbot-NFT-contract,2024-05-15 15:29:26.757762
abbaslanbay/near-sdk-rs-project,2024-05-15 15:36:35.069154
allanokothdev/Mint-Condition-NFT-Contract,2024-05-15 15:37:43.269223
alpha-fi/cheddar,2024-05-15 15:37:48.081974
danmory/blockchain_labs,2024-05-15 15:44:42.144857
elision-labs/DeSign,2024-05-15 15:47:44.950703
elision-labs/DeSlot,2024-05-15 15:47:47.777646
elision-labs/DeWare,2024-05-15 15:47:50.556919
elision-labs/contracts,2024-05-15 15:47:53.860002
esaminu/test-rs-boilerplate-106k,2024-05-15 15:48:44.994139
esaminu/test-rs-boilerplate-106l,2024-05-15 15:48:48.170904
esaminu/test-rs-boilerplate-106m,2024-05-15 15:48:51.303876
esaminu/test-rs-boilerplate-106n,2024-05-15 15:48:54.464280
esaminu/test-rs-boilerplate-106o,2024-05-15 15:48:57.669845
esaminu/test-rs-boilerplate-1075,2024-05-15 15:49:00.921036
esaminu/test-rs-boilerplate-1085,2024-05-15 15:49:04.220388
esaminu/test-rs-boilerplate-1099,2024-05-15 15:49:07.460847
esaminu/test-rs-boilerplate-11,2024-05-15 15:49:10.704234
fairyproof-io/near-data-api,2024-05-15 15:49:47.494783
fluencelabs/nox,2024-05-15 15:50:49.421899
locify/locify-baseline-config,2024-05-15 15:58:57.994587
mattlockyer/near-tsrs,2024-05-15 15:59:55.855682
mattlockyer/nearbp-matt,2024-05-15 15:59:59.132088
mattlockyer/nft-series,2024-05-15 16:00:02.206462
mattlockyer/social-drop,2024-05-15 16:00:07.211835
matzayonc/near-template,2024-05-15 16:00:10.437691
near-examples/storage-examples,2024-05-15 16:03:00.397728
near-examples/token-factory,2024-05-15 16:03:03.765987
near-examples/update-migrate-rust,2024-05-15 16:03:06.998624
near/near-gas-rs,2024-05-15 16:04:00.187847
near/near-hat,2024-05-15 16:04:04.134457
pratikspatil024/NEAR-rust-test-contract,2024-05-15 16:10:06.758681
seetadev/L2-Transport-DAO,2024-05-15 16:13:14.303000
seetadev/ScalableC3,2024-05-15 16:13:17.849155
seetadev/Web3-Play-Physics,2024-05-15 16:13:21.292875
skyekiwi/contract-demo,2024-05-15 16:14:09.806949
skyekiwi/kiwi-contract,2024-05-15 16:14:13.287610
unchain-tech/NEAR-BikeShare,2024-05-15 16:18:17.770265
unchain-tech/near-election-dapp,2024-05-15 16:18:20.964052
unchain-tech/near-hotel-booking-dapp,2024-05-15 16:18:24.087079
uncle-T0ny/app,2024-05-15 16:18:28.228407
wb-ts/amber-web-game,2024-05-15 16:20:17.536896
xbtasvs/NEAR-NFT-Staking,2024-05-15 16:21:18.065163
zkvalidator/mina-fdv-rs,2024-05-15 16:22:19.904369
zkvalidator/mina-graphql-rs,2024-05-15 16:22:53.048522
CeNiEi/NearValut,2024-05-15 17:27:24.509906
CryptoSnowPrince/NFT-Staking-on-NEAR,2024-05-15 17:28:26.867975
GaloisField2718/DAO4SocialAccount,2024-05-15 17:38:04.433047
MBenz12/near-fungible-token,2024-05-15 17:42:06.242133
MBenz12/near-nft-bid-market-contract,2024-05-15 17:42:09.266941
MBenz12/near-nft-contract,2024-05-15 17:42:12.249179
MBenz12/near-nft-marketplace,2024-05-15 17:42:15.247566
Mintbase/arak,2024-05-15 17:43:07.234491
Mintbase/flux-index-node,2024-05-15 17:43:11.457676
RokasVaitkevicius/rust-near-voting-system,2024-05-15 17:48:13.618540
RollingUpBalling/nearcrash-rust-contract,2024-05-15 17:48:16.689637
UIT-Blockchain/Donapp,2024-05-15 17:51:15.015052
aurora-is-near/aurora-cli-rs,2024-05-15 17:55:20.262948
aurora-is-near/aurora-contracts-sdk,2024-05-15 17:55:23.284347
aurora-is-near/aurora-controller-factory,2024-05-15 17:55:26.273817
aurora-is-near/aurora-engine,2024-05-15 17:55:30.793918
dantenetwork/canister_contracts,2024-05-15 18:01:26.679816
elision-labs/near-squared,2024-05-15 18:04:30.252588
hskang9/aurora-release,2024-05-15 18:09:33.783285
hskang9/aurora-silo-functions-tests,2024-05-15 18:09:36.928265
hskang9/aurora-silo-tests,2024-05-15 18:09:40.246802
hsxyl/council-admin,2024-05-15 18:09:44.028849
hsxyl/near-statesize,2024-05-15 18:09:46.888198
jefedeoro/rust-template,2024-05-15 18:11:34.791105
jelilat/hellonear,2024-05-15 18:11:50.595595
jelilat/kickstarterDapp,2024-05-15 18:12:19.982510
jelilat/nearnft,2024-05-15 18:12:31.304416
jelilat/nearukraine,2024-05-15 18:12:46.200544
kumailnaqvi354/Near-Staking-Contract-,2024-05-15 18:15:54.593022
kunal266/nft_marketplace,2024-05-15 18:16:25.762365
near-cli-rs/interactive-clap,2024-05-15 18:21:03.473242
near-cli-rs/near-validator-cli-rs,2024-05-15 18:21:06.774659
octopus-network/chainbridge-cli,2024-05-15 18:25:06.143891
polywrap/wrappers-io,2024-05-15 18:29:09.990982
popudev/hackathon-near-contract,2024-05-15 18:29:14.387160
raj7desai/guest-book-near,2024-05-15 18:30:12.382055
rajranjan0608/figment,2024-05-15 18:30:19.171546
ref-finance/ref-contracts,2024-05-15 18:31:13.696492
ref-finance/ref-dev-fund,2024-05-15 18:31:16.904592
ref-finance/ref-token,2024-05-15 18:31:20.858541
ref-finance/ref-ve,2024-05-15 18:31:24.298646
super999christ/RustExchange,2024-05-15 18:35:16.834190
thor314/near-template,2024-05-15 18:37:17.787073
wormhole-foundation/wormhole,2024-05-15 18:41:30.558029
wormhole-foundation/wormhole-examples,2024-05-15 18:41:35.306793
zavodil/dream-ui,2024-05-15 18:42:22.884844
zavodil/matryoshka,2024-05-15 18:42:26.440577
zavodil/memepool,2024-05-15 18:42:29.576723
zavodil/near-academy-contracts-main,2024-05-15 18:42:32.785753
zavodil/near-auth,2024-05-15 18:42:36.107318
Buckram123/near-cli-method-names,2024-05-15 18:47:23.437869
Creative-Ecommerce-Co/app,2024-05-15 18:48:37.598240
CreatorOS/Creating-simple-NFTs-using-Rust-on-NEAR,2024-05-15 18:48:41.668644
CreatorOS/NEAR-Voting-Rust,2024-05-15 18:48:44.973785
Electron-Labs/milagro_bls,2024-05-15 18:50:26.027089
HAPIprotocol/integration-example-near,2024-05-15 18:51:28.316916
Phonbopit/nearspring-challenge3-nft,2024-05-15 18:59:35.485443
Simon-Busch/rust-nft-contract,2024-05-15 19:01:41.056604
AlimangoStudio/eqiunoxproject,2024-05-15 19:10:25.157248
Brgndy25/near-nft-auction,2024-05-15 19:11:23.631008
Connesus/Connesus-contracts,2024-05-15 19:12:23.996938
Danail-Irinkov/near-search,2024-05-15 19:13:27.169926
Electron-Labs/incubator-milagro-crypto-rust,2024-05-15 19:14:28.208856
MusicFeast/backend,2024-05-15 19:20:34.788130
NearSocial/social-db,2024-05-15 19:22:36.209825
NearSocial/web4-preview,2024-05-15 19:22:41.742586
Shroom-Kingdom/token,2024-05-15 19:25:36.894309
TheStreamerHQ/strmr-contracts,2024-05-15 19:27:40.595194
Theia-Protocol/nft_escrow_sc_near,2024-05-15 19:27:43.878040
XP-NETWORK/polkadot-wraptoken,2024-05-15 19:29:42.097412
amirsaranBIH/nearkick,2024-05-15 19:31:43.490126
amiyatulu/avrit_ui,2024-05-15 19:31:48.120216
aspiringsecurity/EthTransport,2024-05-15 19:33:06.329977
aspiringsecurity/Medical-Counselor,2024-05-15 19:34:01.942505
bctoh/near-ideas,2024-05-15 19:35:06.664248
dantenetwork/message-ink,2024-05-15 19:40:10.958259
dantenetwork/near-contract-template,2024-05-15 19:40:14.464495
dantenetwork/near-platon-bridge,2024-05-15 19:40:18.042498
dlpigpen/zero-to-hero-near,2024-05-15 19:42:14.090095
dmitrygulevich2000/disser-playground,2024-05-15 19:42:26.324358
dmstjd0182/bNear-contracts,2024-05-15 19:42:29.802489
dmstjd0182/money-market-contracts,2024-05-15 19:42:34.097407
dmstjd0182/oracle,2024-05-15 19:42:38.429971
doriancrutcher/hello-near-contract-checker,2024-05-15 19:43:40.832510
doriancrutcher/make-and-sell,2024-05-15 19:44:02.676739
drshade/tomwells.org,2024-05-15 19:44:25.604139
evgenykuzyakov/near-fm,2024-05-15 19:46:20.266431
fluencelabs/examples,2024-05-15 19:47:22.186483
fluencelabs/fRPC-Substrate,2024-05-15 19:47:25.556837
frol/near-birthday-quest-v2,2024-05-15 19:48:18.822811
frol/near-cli,2024-05-15 19:48:21.700536
joe-rlo/90s-Name-Generator-Web4Hackathon,2024-05-15 19:52:22.850616
joe-rlo/ReadyLayerOnePodcastNFT_test,2024-05-15 19:52:25.822604
ketyung/tm_users_contract,2024-05-15 19:53:24.215286
kevinheavey/pyonear,2024-05-15 19:53:27.985062
keyko-io/near-contract-example,2024-05-15 19:53:31.585886
near-examples/NFT,2024-05-15 19:59:31.698479
near-examples/NFT-Examples,2024-05-15 19:59:35.322881
nftsentry/nft-contracts,2024-05-15 20:02:34.395196
octopus-appchains/atocha-anchor,2024-05-15 20:03:35.285619
octopus-appchains/debio-anchor,2024-05-15 20:03:40.443217
octopus-appchains/deip-anchor,2024-05-15 20:03:43.923691
octopus-appchains/discovol-anchor,2024-05-15 20:03:47.436331
octopus-appchains/fusotao-anchor,2024-05-15 20:03:51.068852
octopus-appchains/myriad-anchor,2024-05-15 20:03:54.683578
oinfinance/Bridgenode,2024-05-15 20:04:39.842666
oinfinance/NearOinDao3.0,2024-05-15 20:04:43.105291
prasad-kumkar/near-ft-staking,2024-05-15 20:07:37.902664
router-protocol/router-smart-contract-examples,2024-05-15 20:09:39.788473
router-protocol/routerswap,2024-05-15 20:09:43.950892
sebasvivas1/near-future-tickets,2024-05-15 20:11:02.044720
streamingfast/battlefield-near,2024-05-15 20:12:43.103358
streamingfast/near-firehose-indexer,2024-05-15 20:12:46.127091
vitalii427/ukrainian-magicals-nft,2024-05-15 20:16:52.125178
Akagi201/near-template,2024-05-15 20:22:23.174101
Akather-io/cantoverse-contract,2024-05-15 20:22:27.013908
Akather-io/near-certificate,2024-05-15 20:22:30.036731
NearDeFi/bos-gateway-template,2024-05-15 20:34:36.303679
ParasHQ/paras-ink-nft-launchpad-contract,2024-05-15 20:35:36.245644
ParasHQ/paras-ink-nft-refundable-contract,2024-05-15 20:35:39.421950
ParasHQ/paras-marketplace-contract,2024-05-15 20:35:43.391042
ParasHQ/paras-nft-contract,2024-05-15 20:35:46.796982
ParasHQ/paras-nft-farming-contract,2024-05-15 20:35:51.169055
PrimeLabCore/near-indexer-by-primelab,2024-05-15 20:36:37.073105
Sladuca/groupwork,2024-05-15 20:38:45.403033
Sladuca/rainbase,2024-05-15 20:39:05.889925
Sladuca/students-near-RL1,2024-05-15 20:39:09.093962
SwidgeTeam/swidge,2024-05-15 20:39:42.985006
Unique-One-Official/uniqueone-appchain,2024-05-15 20:41:43.952021
ZpokenWeb3/zk-light-client-implementation,2024-05-15 20:43:45.357693
ali2210/Playcontract,2024-05-15 20:45:08.576926
aurora-is-near/evm2near,2024-05-15 20:46:48.343294
bravados/dapp-prototype-smart-contracts,2024-05-15 20:48:50.281661
bravados/ticketasos,2024-05-15 20:48:55.371165
celer-network/cChannel-substrate,2024-05-15 20:49:51.481319
celer-network/cbridge-cowa,2024-05-15 20:49:56.271572
ceramicstudio/wheel,2024-05-15 20:50:53.296368
dapplets/loot-box,2024-05-15 20:53:56.324358
dapplets/paywall-dapplet,2024-05-15 20:54:00.306826
frankfervela/rust-status-mgs-test-demo,2024-05-15 21:00:00.562681
frdomovic/decash_near,2024-05-15 21:01:14.259412
here-wallet/near-zmq-indexer,2024-05-15 21:03:19.375151
here-wallet/phone-access-contract,2024-05-15 21:03:22.256514
il3ven/raaz,2024-05-15 21:04:21.124183
ilblackdragon/contracts,2024-05-15 21:04:24.664284
ilblackdragon/dragonear,2024-05-15 21:04:27.541029
ilblackdragon/near-contribute,2024-05-15 21:04:30.569456
ilblackdragon/near-eth-gateway,2024-05-15 21:04:33.768212
ilblackdragon/near-ideas,2024-05-15 21:04:36.740749
kenobijon/near-infernet-sdk,2024-05-15 21:07:22.669801
kenobijon/registry-near,2024-05-15 21:07:42.306565
ketyung/tm_collections_contract,2024-05-15 21:07:46.029761
ketyung/tm_collections_models,2024-05-15 21:07:49.114592
myriadsocial/myriad-node,2024-05-15 21:13:31.561230
myriadsocial/myriad-node-parachain,2024-05-15 21:13:35.501424
near-examples/nft-tutorial,2024-05-15 21:14:30.894252
near-examples/nft-tutorial-frontend,2024-05-15 21:14:38.459307
near/mpc-recovery,2024-05-15 21:15:34.955804
near/multichain-relayer-server,2024-05-15 21:15:40.083418
nearlend-dao/welott-contract,2024-05-15 21:16:32.984913
nguyenduyhuong/meme,2024-05-15 21:17:34.311008
prakhar728/Medibridge,2024-05-15 21:22:44.161473
prakhar728/mycrossword,2024-05-15 21:22:47.265745
prasad-kumkar/cypher-kids-server,2024-05-15 21:22:50.763484
prasad-kumkar/cypher-kidz-client,2024-05-15 21:22:53.921222
spin-fi/near-mft-interface,2024-05-15 21:27:44.789394
switchboard-xyz/sb-functions-example,2024-05-15 21:28:43.895444
switchboard-xyz/sb_functions_sdk,2024-05-15 21:28:47.278011
wp-lai/xrust,2024-05-15 21:34:50.366886
ws-jm/NFT-Token-staking-on-NEAR-Blcockchain-master,2024-05-15 21:34:55.216134
zeropoolnetwork/NEAR-pool,2024-05-15 21:35:56.909476
AhaLabs/contract-riffs,2024-05-15 21:40:23.394146
AhaLabs/hello-world-soroban-comparison,2024-05-15 21:40:26.627716
BenjaminWFox/need-find-tribbles-js13k2021,2024-05-15 21:41:24.274558
Beosin20180329/crafting-core-near,2024-05-15 21:41:27.678514
BeskydAbc/test-get-promise-result,2024-05-15 21:41:30.825756
Bhutta03/nft_airdrop_near,2024-05-15 21:41:39.061966
Fayyr-Organization/fayyr-indexer,2024-05-15 21:45:28.510197
Felabs1/near-real-estate-app,2024-05-15 21:45:33.906747
LiboShen/recur,2024-05-15 21:50:34.004784
Lightency-io/LightencyDapp,2024-05-15 21:50:42.024533
Lightency/metabuild-rec-platform,2024-05-15 21:50:45.857585
Meta-Pool/meta-vote-contracts,2024-05-15 21:51:34.550842
MetaBUILD-III/MetaBUILD_III_contracts,2024-05-15 21:51:39.208867
MetaGigachad/brain-logger,2024-05-15 21:51:42.722733
NearDeFi/neth,2024-05-15 21:54:37.962279
NearDeFi/price-oracle,2024-05-15 21:54:41.717870
NearDeFi/priceoracle-data,2024-05-15 21:54:44.760861
ParasHQ/paras-token-contract,2024-05-15 21:55:38.863575
RNHTTR/typto,2024-05-15 21:56:39.455719
RNHTTR/typto-contract,2024-05-15 21:56:42.496898
SPECTRA-SPATIAL/SPECTRA,2024-05-15 21:58:09.778155
Shroom-Kingdom/near-chan,2024-05-15 21:58:42.338485
TENK-DAO/tenk,2024-05-15 21:59:43.653291
TheBestID/near-contracts,2024-05-15 22:01:15.395988
TheBestID/solana-contracts,2024-05-15 22:01:21.103646
TopTecShare/nft-marketplace-rust,2024-05-15 22:01:48.302402
Wabinab/near_rails_template,2024-05-15 22:02:46.073151
esaminu/console-boilerplate-template-rs-25sd,2024-05-15 22:16:59.082266
esaminu/console-boilerplate-template-rs-25vcbnb,2024-05-15 22:17:02.216066
esaminu/console-boilerplate-template-rs-27,2024-05-15 22:17:05.139422
esaminu/console-boilerplate-template-rs-28,2024-05-15 22:17:08.035145
esaminu/console-boilerplate-template-rs-289347,2024-05-15 22:17:10.905868
esaminu/console-boilerplate-template-rs-29,2024-05-15 22:17:13.824914
esaminu/console-boilerplate-template-rs-30,2024-05-15 22:17:17.336259
esaminu/console-boilerplate-template-rs-35,2024-05-15 22:17:20.466484
esaminu/console-boilerplate-template-rs-WEF,2024-05-15 22:17:23.457193
evgenykuzyakov/ad-token,2024-05-15 22:18:00.743727
evgenykuzyakov/berry-hot,2024-05-15 22:18:04.739514
hknio/near-sample,2024-05-15 22:22:05.595443
jasperdg/NEP21-faucet,2024-05-15 22:24:06.884036
jasperdg/fungible-token-near,2024-05-15 22:24:11.557210
jasperdg/near-balancer,2024-05-15 22:24:14.701205
lk2684753/near_contract_rust-did,2024-05-15 22:28:11.516873
lk2684753/sd-cloud,2024-05-15 22:28:18.313347
marlinprotocol/abci-near,2024-05-15 22:29:15.658148
martyn/near-monsters,2024-05-15 22:29:19.802158
metanear/public-chat-contract-rs,2024-05-15 22:30:12.198312
metanear/user-contract-rs,2024-05-15 22:30:17.072455
near/wasmer,2024-05-15 22:34:39.182764
nearprotocol/wasm-mock-vm,2024-05-15 22:35:17.937053
octopus-network/solana-flux-aggregator,2024-05-15 22:37:19.491158
octopus-network/substrate-ibc,2024-05-15 22:37:23.888263
petersalomonsen/githttpserver,2024-05-15 22:39:21.890719
polywrap/ethers,2024-05-15 22:40:23.168804
pyth-network/governance,2024-05-15 22:41:23.896254
pyth-network/grant-program,2024-05-15 22:41:30.468874
pyth-network/program-authority-escrow,2024-05-15 22:41:34.798405
pyth-network/pyth-agent,2024-05-15 22:41:38.594405
romanzac/sticky-habits,2024-05-15 22:43:25.596958
sakanosita/rust-counter-tutorial,2024-05-15 22:44:27.507145
shipsgold/ships-contracts,2024-05-15 22:45:28.746162
switchboard-xyz/switchboard-functions-examples,2024-05-15 22:47:29.246334
zavodil/web4-hachathon,2024-05-15 22:54:37.370679
zavodil/web4-hackathon-example,2024-05-15 22:54:40.413082
BlockDevsUnited/NEARbounties,2024-05-15 22:59:25.037356
Blockchain-Team-become-Millionaire/scity-near-contract,2024-05-15 22:59:29.036460
ComposableFi/ibc-apps-more-rs,2024-05-15 23:00:28.414146
Electron-Labs/NEP-141-Token,2024-05-15 23:02:30.144271
IsaacCespedes/NearQuickStart,2024-05-15 23:04:31.523361
Mintbase/mb-sdk,2024-05-15 23:08:34.200347
SourceScan/verifier-contract,2024-05-15 23:14:40.718717
armujahid/near-helloworld-rust,2024-05-15 23:20:46.299754
austinabell/standards-experiment,2024-05-15 23:21:47.195631
austinabell/static_lookup_map,2024-05-15 23:21:51.086186
austinabell/storage_collections_bench,2024-05-15 23:21:54.082752
avcdsld/figment-learn-tutorials,2024-05-15 23:21:58.255149
bicarus-labs/near-api-rs,2024-05-15 23:22:48.395824
clarencepenz/xcc-178,2024-05-15 23:25:50.786571
cryptorafland/backend-app,2024-05-15 23:26:53.820149
deed-labs/caps-near-contracts,2024-05-15 23:28:56.073091
firasbelhiba/Rust-near-counter-smart-contract,2024-05-15 23:32:57.992658
firasbelhiba/Rust-social-media-smart-contract,2024-05-15 23:33:00.896921
fluencelabs/trust-graph,2024-05-15 23:34:03.118610
fluencelabs/vgroup,2024-05-15 23:34:07.135757
hyperfiles-org/hyperfiles,2024-05-15 23:37:03.186535
i3ima/nep-246,2024-05-15 23:37:06.902400
iovitatudor/artcoin-landing,2024-05-15 23:38:06.087602
iovitatudor/near-minting-vue,2024-05-15 23:38:10.527500
iovitatudor/near-vue-proto,2024-05-15 23:38:18.461357
jayden-dang/ticket-sales,2024-05-15 23:39:04.053434
k3rn3lpanicc/droplinked-near-contract,2024-05-15 23:40:05.283419
k3rn3lpanicc/near-payment-contract,2024-05-15 23:40:08.822967
miohtama/advanced-fungible,2024-05-15 23:45:11.206615
miraclx/nosedive-rs,2024-05-15 23:45:17.336890
near/near-sdk-as,2024-05-15 23:48:15.623941
near/near-sdk-contract-tools,2024-05-15 23:48:18.907438
near/near-sdk-rs,2024-05-15 23:48:25.723015
octopus-network/octopusxt,2024-05-15 23:51:18.236058
octopus-network/offchain-schedule,2024-05-15 23:51:21.446609
orally-network/pythia,2024-05-15 23:52:19.098023
orally-network/sybil,2024-05-15 23:52:22.475168
parkdao/multi-ownable,2024-05-15 23:53:17.978114
parkdao/parkdao,2024-05-15 23:53:20.988889
sebasvivas1/near-template,2024-05-15 23:58:24.698018
secretshardul/fractose-contracts-v1,2024-05-15 23:58:27.721236
verkhohliad/crowdfundingDapp,2024-05-16 00:04:29.592297
verkhohliad/raffly,2024-05-16 00:04:32.841261
wolfdev0512/NEAR_NFT_SmartContract,2024-05-16 00:06:33.205944
CADigitalNexus/army-governance-app,2024-05-16 00:12:14.477327
CADigitalNexus/mobile-dip,2024-05-16 00:12:47.759262
CDCODE02/Near-fungable-token,2024-05-16 00:12:51.356796
EmanHerawy/near-cli-extension,2024-05-16 00:16:02.871789
JobDAO/joba-MVP,2024-05-16 00:17:55.752000
MohammadShahin/crypto-savings-app,2024-05-16 00:22:00.997117
NEAR-Edu/solidity-vs-rust,2024-05-16 00:22:59.827734
NEAR-Edu/stats.gallery-dapp,2024-05-16 00:23:02.753151
NEAR-Hispano/4myFuture,2024-05-16 00:23:07.722976
NEAR-Hispano/NEAR-book,2024-05-16 00:23:11.244865
YokuPass/YokuPay_Open_Source,2024-05-16 00:32:09.971138
anyswap/near-contract,2024-05-16 00:34:14.027738
aurora-is-near/release-repository,2024-05-16 00:35:13.362533
devlorz/hello-near,2024-05-16 00:43:20.106474
devlorz/meme-nft,2024-05-16 00:43:24.578837
devlorz/near-crowdfund,2024-05-16 00:43:27.599808
devlorz/near-donation,2024-05-16 00:43:30.696181
devlorz/near-nft-mint,2024-05-16 00:43:34.371542
devlorz/near-zoo-nft,2024-05-16 00:43:39.037574
fluencelabs/crate-versions-experiment,2024-05-16 00:47:24.467912
jayden-dang/near-birth,2024-05-16 00:52:28.816286
jayden-dang/near-nft-contract,2024-05-16 00:52:31.684970
jayden-dang/sgu-nft-contract,2024-05-16 00:52:35.363730
jayden-dang/smart-contract-vugomars-near,2024-05-16 00:52:38.193746
jayden-dang/started-near-app,2024-05-16 00:52:41.406179
jayden-dang/tdtu-e-commmerce,2024-05-16 00:52:53.861755
jayden-dang/template-near-contract,2024-05-16 00:52:56.828998
khanhhuy-bkdn/even-odd-rust,2024-05-16 00:54:31.037639
khanhhuy-bkdn/my-phone-contract-rust,2024-05-16 00:54:33.948990
khanhhuy-bkdn/payment-shop-rust,2024-05-16 00:54:37.087361
khanhhuy-bkdn/staking-contract-rust,2024-05-16 00:54:40.159507
kharioki/Meme-museum,2024-05-16 00:54:43.353400
kharioki/Rust-Counter-Smart-Contract,2024-05-16 00:54:46.925399
lijing-2008/raffle-gifts,2024-05-16 00:56:33.700104
mangas/near-substream,2024-05-16 00:57:36.318343
near-everything/market-contract,2024-05-16 01:00:37.745035
near-everything/nft-contract,2024-05-16 01:00:41.579845
onehumanbeing/WaverFinance,2024-05-16 01:05:43.441140
pmarangone/rust-api,2024-05-16 01:07:46.392236
pmespresso/direct-revelation-dao,2024-05-16 01:08:13.764137
polywrap/monowrap,2024-05-16 01:08:46.843916
polywrap/msgpack-serde,2024-05-16 01:08:50.250732
swfsql/contract-test,2024-05-16 01:14:51.939041
tzilkha/Tazmania,2024-05-16 01:17:55.874553
u-na-gi/near-crowdfunding-dapp,2024-05-16 01:17:58.934499
zavodil/social-premium,2024-05-16 01:21:59.564130
zavodil/tipbot,2024-05-16 01:22:02.973681
Danijel-Enoch/health-go-token-rust,2024-05-16 01:31:29.979815
Electron-Labs/starky_bls12_381,2024-05-16 01:32:30.502120
NEAR-Edu/near-by-example-rust,2024-05-16 01:39:37.012066
NEAR-Edu/near-certification-tools,2024-05-16 01:39:40.537463
Protocol-Pawns/chess-on-chain,2024-05-16 01:42:41.134854
ComposableFi/emulated-light-client,2024-05-16 01:54:29.153732
azerckid/ludium-near-ft,2024-05-16 02:15:49.650014
davaymne/near-vaidator-info,2024-05-16 02:21:55.418913
henchiyb/hurdle-payment-sc,2024-05-16 02:30:03.063542
microchipgnu/open-secret,2024-05-16 02:38:12.957087
near-examples/near-lake-accounts-watcher,2024-05-16 02:40:13.277184
near-examples/near-lake-raw-printer,2024-05-16 02:40:16.599106
near/near-abi-client-rs,2024-05-16 02:41:14.767060
near/near-abi-rs,2024-05-16 02:41:17.974757
near/near-account-id-rs,2024-05-16 02:41:21.319921
nightly-labs/connect,2024-05-16 02:43:18.135677
octopus-network/nep141-token-convertor,2024-05-16 02:44:18.538241
octopus-network/nep141-token-vesting,2024-05-16 02:44:22.227570
paul-cruz/ConnectIoT,2024-05-16 02:46:20.159983
pyth-network/pyth-sdk-rs,2024-05-16 02:48:21.582841
pyth-network/pythnet,2024-05-16 02:48:53.046738
pyth-network/solmeet-workshop-june-22,2024-05-16 02:48:55.949235
stader-labs/lunax,2024-05-16 02:53:28.531761
thalasith/near-coinflip-app,2024-05-16 02:55:28.052296
thalasith/near-sportsmarketplace,2024-05-16 02:55:31.421422
thangtranth/smart-tip,2024-05-16 02:55:34.556891
thangtranth/smart-tip-v2,2024-05-16 02:55:44.784583
CronCats/cosmos-chain-registry,2024-05-16 03:06:40.461934
DeerMarket/contracts,2024-05-16 03:07:40.581738
DegaLabs/collectibleswap-near,2024-05-16 03:07:44.178851
DegaLabs/nearft-hackathon-contracts,2024-05-16 03:07:47.420303
Ellweb3/rustContract,2024-05-16 03:08:40.909392
Ellweb3/template,2024-05-16 03:08:44.298583
Lucky199221031/Near-coinflip-contract,2024-05-16 03:13:46.941943
Lucky199221031/Near-nft-market,2024-05-16 03:13:50.354335
Lucky199221031/Near-nft-staking-contract,2024-05-16 03:13:53.574095
Mintbase/mb-contracts,2024-05-16 03:14:55.202041
axelarnetwork/axelar-local-dev,2024-05-16 03:28:01.475449
jakmeier/near-teller,2024-05-16 03:44:17.017382
juemrami/bchain_business_card,2024-05-16 03:45:19.207072
mzhangmzz/event_org,2024-05-16 03:51:23.144429
n1arash/dino-token,2024-05-16 03:51:26.643810
near/nft-bid-market,2024-05-16 03:53:26.314441
nearvndev/hello-near-rs,2024-05-16 03:54:26.048998
piakushin/vault-test-replenisher,2024-05-16 03:58:31.516949
polywrap/uri-resolver-extensions,2024-05-16 03:59:32.894775
stader-labs/nearx,2024-05-16 04:04:37.823851
tonic-foundation/tonic-data-service,2024-05-16 04:07:39.269412
tonic-foundation/tonic-indexer-example,2024-05-16 04:07:42.068448
tonic-foundation/tonic-perps-v1,2024-05-16 04:07:45.213705
tonic-foundation/tonic-sdk-rs,2024-05-16 04:07:48.181581
vrovsky/check-methods-telegram-bot,2024-05-16 04:09:42.244278
vrovsky/marketplace-for-nft,2024-05-16 04:09:45.285630
AbstrLabs/halfmoon-cross-bridge-contract-near,2024-05-16 04:16:27.997961
BakaOtaku/cattery,2024-05-16 04:17:30.777601
BakaOtaku/near-cattery,2024-05-16 04:17:34.387284
BakaOtaku/near_nft_contract,2024-05-16 04:17:37.413323
BakaOtaku/near_nft_minter,2024-05-16 04:17:43.896185
Duhoon/near-token,2024-05-16 04:20:49.218334
DusanFedorcak/near-puzzle-tutorial,2024-05-16 04:20:52.158465
RealisNetwork/Realis.Network,2024-05-16 04:32:38.340253
RealisNetwork/rust-lib,2024-05-16 04:32:45.534819
RealisNetwork/rust-nats-wrapper,2024-05-16 04:32:48.612789
TENK-DAO/airdropper,2024-05-16 04:34:47.715880
TeamX-x/nft-contract,2024-05-16 04:35:46.885163
TeamX-x/p2p-lending-dapp,2024-05-16 04:35:54.356837
XP-NETWORK/decentralized-bridge-smart-contracts,2024-05-16 04:37:49.729990
blockimperiumdao/fundingdao,2024-05-16 04:42:55.290360
doriancrutcher/BlockVote-3.0,2024-05-16 04:50:08.902340
doriancrutcher/Collection-Checker,2024-05-16 04:50:14.859851
doriancrutcher/Collection-Error-Example,2024-05-16 04:50:21.700565
doriancrutcher/DCStoreExample,2024-05-16 04:50:42.523489
doriancrutcher/DeCash_Rust,2024-05-16 04:51:13.191513
doriancrutcher/POS-tracker,2024-05-16 04:51:20.065415
doriancrutcher/blockCraft,2024-05-16 04:51:49.225442
doriancrutcher/blockbop,2024-05-16 04:52:27.569508
doriancrutcher/blockbopcore,2024-05-16 04:52:51.022155
eduairet/fontfactory,2024-05-16 04:54:16.384181
fluencelabs/eip712-validation-node,2024-05-16 04:56:35.176684
kstepanovdev/amm-near,2024-05-16 05:03:41.749375
metagov/daostar-explorer-backend,2024-05-16 05:06:44.681653
near/borsh-rs,2024-05-16 05:09:52.550447
ngochieu642/near-vbi-k5-backend,2024-05-16 05:11:50.114488
ngocthach/near-dapp-example,2024-05-16 05:12:12.402489
ngocthach/near-ecommerce-payment,2024-05-16 05:12:22.437918
ngocthach/staking-pool-factory,2024-05-16 05:12:25.586874
octopus-network/restaking-base,2024-05-16 05:13:52.806132
octopus-network/rhdnode,2024-05-16 05:13:56.324872
peteoleary/rust-status-message,2024-05-16 05:15:53.735356
sonufrienko/near-api-rs,2024-05-16 05:21:59.276609
sonufrienko/near-contracts,2024-05-16 05:22:02.460429
sonufrienko/near-nft-marketplace,2024-05-16 05:22:05.473910
zkvalidator/mina-vrf-rs,2024-05-16 05:30:07.977357
Borwe/near-bnb,2024-05-16 05:35:30.782678
Danijel-Enoch/smart-builder,2024-05-16 05:37:31.770636
Dapp-rosetta/dapp-rosetta-contract,2024-05-16 05:37:35.847094
alexastrum/nearcon2022,2024-05-16 05:55:49.706104
alexkeating/moloch,2024-05-16 05:55:54.760121
austinabell/ft_approval_poc,2024-05-16 05:57:51.999438
austinabell/near-chunked-collections,2024-05-16 05:57:55.703826
binary-star-near/nearcrowd-contract,2024-05-16 05:58:51.778742
binary-star-near/usdt-gold,2024-05-16 05:58:55.073606
bxdoan/start-rust,2024-05-16 05:59:54.665330
ceo777/diesel-attack-nft,2024-05-16 06:00:58.161999
circlefin/stablecoin-near,2024-05-16 06:01:55.411991
clarencepenz/captain-nft,2024-05-16 06:01:59.647482
dlpigpen/faucet-near-token,2024-05-16 06:06:11.465177
esaminu/console-boilerplate-template-rs-25khgjb,2024-05-16 06:08:01.105536
esaminu/console-boilerplate-template-rs-25kjlh,2024-05-16 06:08:04.422312
esaminu/console-boilerplate-template-rs-25qwer,2024-05-16 06:08:07.533365
esaminu/console-boilerplate-template-rs-local,2024-05-16 06:08:10.807890
esaminu/console-boilerplate-template-rs-local-copy,2024-05-16 06:08:13.835095
esaminu/console-boilerplate-template-rs-local-copy-1,2024-05-16 06:08:16.736704
esaminu/console-boilerplate-template-rs-local-oos,2024-05-16 06:08:19.720832
esaminu/console-boilerplate-template-rs-local-oot,2024-05-16 06:08:22.739019
evgenykuzyakov/social-homepage,2024-05-16 06:09:01.848799
evgenykuzyakov/upgradability-example,2024-05-16 06:09:04.717379
evgenykuzyakov/wiki,2024-05-16 06:09:07.917855
ilyar/near-rust-intro,2024-05-16 06:14:07.700794
imatomster/campaignlayer-nep245,2024-05-16 06:14:11.755159
imdivyanshusingh/BOOM,2024-05-16 06:14:15.290941
khorolets/near_rewards,2024-05-16 06:17:11.035916
khorolets/nearoverflow,2024-05-16 06:17:13.982995
kycdao/solana-program,2024-05-16 06:18:12.646682
marcpar/near-nft-processor,2024-05-16 06:20:15.906131
mfornet/near-floating-state,2024-05-16 06:21:16.061322
mfornet/near2aurora-cross-contract-calls,2024-05-16 06:21:19.288821
mfornet/small_near_admin,2024-05-16 06:21:22.485875
mpeterdev/console-boilerplate-template-rs-1,2024-05-16 06:22:16.406563
mpeterdev/console-boilerplate-template-rs-2,2024-05-16 06:22:19.278549
near/bos-loader,2024-05-16 06:24:18.765760
near/calibrator,2024-05-16 06:24:22.923406
polywrap/client-readiness,2024-05-16 06:30:24.144897
polywrap/coingecko,2024-05-16 06:30:27.304356
polywrap/datetime,2024-05-16 06:30:31.295357
polywrap/demos,2024-05-16 06:30:36.660805
router-protocol/new-crosstalk-sample,2024-05-16 06:33:29.813105
sjriddle/near-lake-micro,2024-05-16 06:35:32.511040
stephenwilliams1990/solana-web3-dapp,2024-05-16 06:36:32.990906
stevedon1/VOTING-SYSTEM,2024-05-16 06:36:35.953063
steven4354/solana-ignite,2024-05-16 06:36:39.099757
vunguyendev/dwork,2024-05-16 06:41:35.377101
wickedwick/near-cms,2024-05-16 06:42:36.113092
ymc182/neph-dao,2024-05-16 06:43:46.549272
ymc182/signature_gate_near,2024-05-16 06:44:16.524561
zavodil/near-safebox-test,2024-05-16 06:44:38.103348
zavodil/near-serialize,2024-05-16 06:44:41.186686
DaviRain-Su/learn-near,2024-05-16 06:55:32.257961
Sakal05/social_near,2024-05-16 07:07:42.697835
acuarica/near-syn,2024-05-16 07:12:48.535607
battlemon-project/battlemon_backend,2024-05-16 07:15:52.972269
fluencelabs/decider,2024-05-16 07:27:04.421618
nataliebrooks/near-collect,2024-05-16 07:39:17.962870
near-horizon/horizon,2024-05-16 07:40:17.438511
near-multicall/nearcon22,2024-05-16 07:40:21.710764
near/near-workspaces-rs,2024-05-16 07:41:17.650888
near/nearcore,2024-05-16 07:41:38.574785
octopus-network/octopus-dao,2024-05-16 07:44:18.922032
polywrap/documentation,2024-05-16 07:47:24.454744
pvolnov/near-primitives,2024-05-16 07:48:23.342658
smartdev0530/nft_staking,2024-05-16 07:52:32.832263
BrMisha/near-lake-test,2024-05-16 08:05:32.514478
ComposableFi/near-rs,2024-05-16 08:06:31.853507
DSRV-DevGuild/near-counter-example,2024-05-16 08:07:33.904170
NEAR-P2P/NearP2PBackend,2024-05-16 08:15:40.276064
NEAR-P2P/p2p-subaccount,2024-05-16 08:15:44.602533
ParasHQ/paras-ink-marketplace,2024-05-16 08:17:42.736250
Sakal05/near-marketplace-contract,2024-05-16 08:19:44.071489
allanokothdev/Driver-License-NFT-Smart-Contract,2024-05-16 08:25:49.972271
axelarnetwork/axelar-cgp-near,2024-05-16 08:27:52.831816
1inch/solidity-dispatcher-miner,2024-05-16 10:23:06.993157
ALuhning/Space-Gems,2024-05-16 10:24:16.258444
Edgewood-TD/nft-reward-burner,2024-05-16 10:29:12.157172
HuangFJ/near-amm,2024-05-16 10:31:13.638614
MozyOk/learn-web3-dapp-solana,2024-05-16 10:38:22.370265
NEAR-Analytics/devSnoopy,2024-05-16 10:39:20.973773
PembROCK-Finance/rewards-contract,2024-05-16 10:42:24.379121
PembROCK-Finance/token,2024-05-16 10:42:27.559480
XP-NETWORK/casper-nft,2024-05-16 10:49:30.329938
alephium/wormhole-fork,2024-05-16 10:51:39.777565
alevoro-com/alevoro,2024-05-16 10:51:43.572977
alexander-borodulya/simple-near-amm-contract,2024-05-16 10:51:47.534239
bitkeepwallet/bitkeep-swap-solana,2024-05-16 10:55:35.548302
bytedeveloperr/Fibre,2024-05-16 10:56:38.027884
bytedeveloperr/concord,2024-05-16 10:56:41.354793
bytepayment/bytepay,2024-05-16 10:56:45.070480
esaminu/test-rs-boilerplate-106f,2024-05-16 11:06:46.112509
esaminu/test-rs-boilerplate-106g,2024-05-16 11:06:49.484420
esaminu/test-rs-boilerplate-106i,2024-05-16 11:06:52.879514
esaminu/test-rs-boilerplate-106j,2024-05-16 11:06:56.275861
esaminu123/console-boilerplate-template-js-69-sdf,2024-05-16 11:06:59.371269
esaminu123/console-boilerplate-template-rs-local-copy-3,2024-05-16 11:07:02.528049
esaminu123/console-boilerplate-template-rs-local-copy-58,2024-05-16 11:07:05.726357
esaminu123/console-boilerplate-template-rs-local-copy-6,2024-05-16 11:07:08.840711
esaminu123/console-boilerplate-template-rs-local-copy-8,2024-05-16 11:07:12.099643
hskang9/aurora-dao-demo,2024-05-16 11:12:53.334812
hsxyl/oct-vesting-near,2024-05-16 11:12:58.174470
jackdishman/near-vue,2024-05-16 11:14:55.843502
jacksonmori755/new-crosstalk-sample,2024-05-16 11:14:59.939916
keypom/dao-bot,2024-05-16 11:16:56.488815
keypom/ft-contract,2024-05-16 11:17:00.115255
SourceScan/rust-builder,2024-05-16 12:16:06.563510
Timothy1102/Marketplace-Smart-Contract,2024-05-16 12:18:08.201785
Timothy1102/NFT-Smart-Contract,2024-05-16 12:18:11.533691
Timothy1102/frontend-p2p-lending-dapp,2024-05-16 12:18:32.148678
Timothy1102/rust_smartcontract_generator,2024-05-16 12:18:35.120195
Tired-but-Happy/NICO_Front_End,2024-05-16 12:18:38.997332
austinabell/near-crossword,2024-05-16 12:24:16.784849
bheemshaastri/A-Simple-NFTs-Auction-on-NEAR-Protocol,2024-05-16 12:25:15.856501
bhutta03/nft_collection_near,2024-05-16 12:25:18.826701
decentldotland/ark-network,2024-05-16 12:31:23.206219
dgamboa/learn-web3-dapp,2024-05-16 12:32:23.578185
erenakyildiz-code/NEARHackathon2022_theseus,2024-05-16 12:34:58.944931
jraynaldi3/near-nft,2024-05-16 12:42:32.726772
js13kGames/exploring-egyptian-tombs,2024-05-16 12:42:36.618805
kingsframe/solana-playground,2024-05-16 12:43:38.205765
mattlockyer/create-account-example,2024-05-16 12:46:38.286295
mattlockyer/dolla,2024-05-16 12:46:41.798736
microchipgnu/minsta-contract-rs,2024-05-16 12:47:37.203939
near/near-blake2,2024-05-16 12:50:40.229232
near/near-cli-rs,2024-05-16 12:50:44.442089
oxydev/SubsCrypt-docs,2024-05-16 12:54:45.895727
oxydev/SubsCrypt-ink,2024-05-16 12:54:49.300206
polywrap/ipfs-http-client,2024-05-16 12:56:46.821599
polywrap/javascript-client,2024-05-16 12:56:51.940605
polywrap/js-engine-wrap,2024-05-16 12:56:55.924933
puzzle-com/filesys-rust,2024-05-16 12:57:48.646554
pvolnov/ca-evm-wallet,2024-05-16 12:57:52.086903
trudever/Near,2024-05-16 13:05:58.871199
yra1029/near-aurora-deposit-withdraw,2024-05-16 13:10:00.671266
ahmedali8/nswap-rs,2024-05-16 13:38:34.656119
drmick/near-amm-smart-contract,2024-05-16 13:49:22.974270
fastnear/redis-node,2024-05-16 13:51:23.916877
fluencelabs/release-flow-demo,2024-05-16 13:52:26.354870
keypom/keypom,2024-05-16 13:58:32.005655
metaguild/nearbox,2024-05-16 14:02:35.710141
metanear/chatbot-contract-rs,2024-05-16 14:02:39.391357
near-examples/FT-Examples,2024-05-16 14:04:39.851262
near/cargo-near,2024-05-16 14:05:40.387700
near/cargo-near-new-project-template,2024-05-16 14:05:43.361488
wormhole-foundation/example-liquidity-layer,2024-05-16 14:24:57.755939
wormhole-foundation/example-native-token-transfers,2024-05-16 14:25:01.643275
wormhole-foundation/example-sei-token-translator,2024-05-16 14:25:05.546352
wormhole-foundation/example-token-bridge-relayer,2024-05-16 14:25:08.924016
Viimpt/Viimpt-near,2024-05-16 14:48:46.680581
austinabell/near-greeting-typescript,2024-05-16 14:53:17.561069
birchmd/aurora-gas-estimator,2024-05-16 14:54:16.349472
birchmd/waterloo-bc-workshop-2023,2024-05-16 14:54:19.789293
birea/near-counter,2024-05-16 14:54:22.893853
birea/near-counter-contract,2024-05-16 14:54:25.754573
birea/near-nft-contract,2024-05-16 14:54:28.681776
birea/near-nft-launcher,2024-05-16 14:54:31.812934
birea/near-nft-market,2024-05-16 14:54:34.976500
ebatteSZ/near_charge2earn_demo,2024-05-16 15:02:24.871294
esaminu123/console-boilerplate-template-rs-local-copy-9,2024-05-16 15:03:24.995140
esaminu123/console-boilerplate-template-rs-local-copy-90,2024-05-16 15:03:27.939397
esaminu123/console-boilerplate-template-rs-local-copy-91,2024-05-16 15:03:30.934222
ilblackdragon/near-mappings,2024-05-16 15:08:32.938684
longphu25/metagallery-near-contract,2024-05-16 15:13:36.376469
maxdeviant/linear-sdk,2024-05-16 15:14:38.402644
BenKurrek/nft-tutorial-allow-list,2024-05-16 15:18:40.472942
ComposableFi/cw-template-project,2024-05-16 15:19:41.226011
HAPIprotocol/hapi-core,2024-05-16 15:22:46.155751
JoaquimLey/link3,2024-05-16 15:23:46.834305
NavaraWallet/Name-Service-Contract,2024-05-16 15:29:50.937102
Sakal05/coffee_plus_NEAR,2024-05-16 15:32:54.787878
aufacicenta/pulsemarkets-v2-contracts,2024-05-16 15:40:02.912811
celer-network/cApps-substrate,2024-05-16 15:43:04.407664
cypherplatxs/Achura,2024-05-16 15:46:09.627675
dsrvlabs/BondToken,2024-05-16 15:49:11.365165
duOCELOT/skyharbour,2024-05-16 15:49:18.691370
fastnear/fastnear-api-server-rs,2024-05-16 15:51:14.013945
fastnear/neardata-server,2024-05-16 15:51:17.097228
fluencelabs/llamadb-wasm,2024-05-16 15:52:12.835826
fluencelabs/marine,2024-05-16 15:52:17.739026
fluencelabs/marine-rs-sdk,2024-05-16 15:52:21.808118
fluencelabs/marine-rs-sdk-test,2024-05-16 15:52:24.921729
fluencelabs/marine-template,2024-05-16 15:52:27.883530
fluencelabs/multi-module-example,2024-05-16 15:52:31.035114
kharioki/Rust-NFT-Contract,2024-05-16 15:59:22.664887
kycdao/grpc_signer,2024-05-16 16:00:21.312894
kycdao/parallel-markets-client,2024-05-16 16:00:26.331214
near-examples/hello-near-examples,2024-05-16 16:05:26.260230
near-examples/indexer-tutorials,2024-05-16 16:05:29.825433
near-examples/indexer-tx-watcher-example,2024-05-16 16:05:32.936263
near-examples/indexer-tx-watcher-example-lake,2024-05-16 16:05:35.984603
near-examples/lake-indexer-start-options,2024-05-16 16:05:39.329668
near/core-contracts,2024-05-16 16:06:28.069860
near/corgis,2024-05-16 16:06:32.813649
pyth-network/pyth-client,2024-05-16 16:13:36.725158
sweatco/sweat-claim,2024-05-16 16:18:39.524044
sweatco/sweat-hero,2024-05-16 16:18:42.713545
sweatco/sweat-jar,2024-05-16 16:18:47.285052
sweatco/sweat-near,2024-05-16 16:18:50.596633
sweetim/near-counter-contract,2024-05-16 16:18:54.387109
walt-id/waltid-iota-identity-wrapper,2024-05-16 16:23:44.177897
zavodil/near-chess,2024-05-16 16:25:46.876794
zavodil/near-contract,2024-05-16 16:25:50.040682
My-GatewayApp/Gateway-Smart-Contracts,2024-05-16 16:40:04.468021
Shroom-Kingdom/app,2024-05-16 16:45:26.480842
XP-NETWORK/evm-asm,2024-05-16 16:49:12.131156
battlemon-project/sui_indexer,2024-05-16 16:53:15.852295
esaminu/ghpagestestgb,2024-05-16 17:03:27.839699
esaminu/guest-book-from-api-74989873208743,2024-05-16 17:03:31.048474
esaminu/newTestProject,2024-05-16 17:03:34.794085
esaminu/pagoda-console-boilerplate-template-rs,2024-05-16 17:03:38.102162
fluencelabs/wasm-module-name,2024-05-16 17:05:28.695067
iamcpdev/near-labyrinth,2024-05-16 17:08:30.935489
itegulov/cargo-near,2024-05-16 17:09:32.015913
itegulov/near-abi-demo,2024-05-16 17:09:35.096492
itegulov/near-abi-rs,2024-05-16 17:09:38.079309
itegulov/near-sdk-abi,2024-05-16 17:09:41.148643
itewqq/near-dev,2024-05-16 17:09:44.145595
petersalomonsen/quickjs-rust-near,2024-05-16 17:23:48.476038
petersalomonsen/quickjs-wasm-near,2024-05-16 17:23:53.652181
uz0/lab3-klimoza-hex-game,2024-05-16 17:33:55.924156
uz0/tic-tac-near,2024-05-16 17:33:59.022340
CronCats/croncat-indexer,2024-05-16 17:44:57.809339
Meta-Pool/aaxxii-contracts,2024-05-16 17:52:04.004776
Sygmei/near-account-id-resolver,2024-05-16 17:59:10.203614
Sygmei/near-scoreboard-contract,2024-05-16 17:59:13.137149
alpha-fi/clp-contracts,2024-05-16 18:04:17.827091
artlake-io/artlake-contracts-public,2024-05-16 18:05:17.495249
haardikk21/indices-fi,2024-05-16 18:19:31.311746
keypom/trial-accounts,2024-05-16 18:23:36.923371
mariocao/seda-rust,2024-05-16 18:26:39.735818
mariogarcia-ar/ncarchitect,2024-05-16 18:26:42.856116
near-examples/donation-examples,2024-05-16 18:29:42.357879
near/fast-kv-store,2024-05-16 18:30:44.015154
octopus-network/oct-backup,2024-05-16 18:33:45.079513
octopus-network/oct-cli-rs,2024-05-16 18:33:48.542940
octopus-network/oct-poap,2024-05-16 18:33:53.124795
paouvrard/near_promises_example,2024-05-16 18:35:46.261257
polywrap/anthropic,2024-05-16 18:36:47.162741
redstone-finance/redstone-near-connectors,2024-05-16 18:38:51.476906
skyekiwi/skyepass-vault,2024-05-16 18:41:53.754496
zavodil/awesomeweb4,2024-05-16 18:50:01.292980
Hockey-Club-Manager/nft-hockey-game,2024-05-16 18:59:08.400601
Near-Wall-e/social-recovery,2024-05-16 19:06:08.820455
VelimirZG/Dandelion,2024-05-16 19:12:28.981685
Venomity268/Smart-Contracts,2024-05-16 19:12:31.851975
ceramicnetwork/rust-dag-jose,2024-05-16 19:20:20.042107
curryrasul/fawkes-near-test,2024-05-16 19:22:22.068308
curryrasul/heads-or-tails,2024-05-16 19:22:25.236506
curryrasul/near-prng,2024-05-16 19:22:28.676201
curryrasul/near-zk-demo,2024-05-16 19:22:32.362453
curryrasul/poseidon-preimage,2024-05-16 19:22:35.558125
curryrasul/tic-tac-toe,2024-05-16 19:22:38.880225
edgardespinoza/near_rust_smart_contract_product,2024-05-16 19:26:26.551077
edgeruns/zombo_ducks,2024-05-16 19:26:34.678241
esaminu/rust-template-654,2024-05-16 19:27:29.735410
esaminu/someNewProject,2024-05-16 19:27:32.979669
idos-network/idos-access-grants,2024-05-16 19:32:33.145259
idos-network/idos-extensions,2024-05-16 19:32:36.178591
josedlujan/pakal,2024-05-16 19:34:36.479373
khorolets/near-lake-pulse,2024-05-16 19:35:34.977350
khorolets/near-ledger-rs,2024-05-16 19:35:38.102654
mariogarcia-ar/rust-template,2024-05-16 19:38:40.334446
phongnguyen2012/simple-near-amm-ver2,2024-05-16 19:47:47.032094
phongnguyen2012/staking-contract,2024-05-16 19:47:50.065044
phongnguyen2012/stakingpool,2024-05-16 19:47:53.214165
polywrap/safe-core-wrap,2024-05-16 19:48:48.801845
polywrap/safe-playground,2024-05-16 19:48:52.925503
ralatsdc/hello-near,2024-05-16 19:49:50.850464
switchboard-xyz/vrf-demo-walkthrough,2024-05-16 19:54:54.162330
ymc182/classicholder_nft,2024-05-16 20:01:00.074797
ymc182/multi-token-stake,2024-05-16 20:01:03.804805
ymc182/near-api-rs,2024-05-16 20:01:06.883037
ymc182/near-nft-core,2024-05-16 20:01:10.153632
Bakuutin/nearwars,2024-05-16 20:06:56.866997
BalloonBox-Inc/near-oracle-contracts,2024-05-16 20:07:01.150756
decentldotland/ark-protocol,2024-05-16 20:35:25.299399
encody/test-nep145-upgrade,2024-05-16 20:38:28.693553
grv07/blockchain-poc,2024-05-16 20:42:31.175461
joelvaiju/Near-Challenge-3-Social-good,2024-05-16 20:45:49.945623
lifinance/solstreams,2024-05-16 20:48:40.149324
petarvujovic98/near-verify,2024-05-16 20:58:46.994938
raendev/raen,2024-05-16 21:00:49.229268
referencedev/staking-farm,2024-05-16 21:01:51.014200
remiconext/rsa-near,2024-05-16 21:02:43.016995
switchboard-xyz/backfill-oracle,2024-05-16 21:06:56.199948
vince0656/wNear,2024-05-16 21:11:00.296510
warp-contracts/warp-wasm-templates,2024-05-16 21:12:00.384794
warp-contracts/wrc,2024-05-16 21:12:04.044431
zhanymkanov/near-ncd-mini-shop,2024-05-16 21:14:02.173921
Akagi201/amm-near,2024-05-16 21:17:58.486087
chain-cpu/grebo-contracts,2024-05-16 21:45:26.107885
currence-team/currence-contract,2024-05-16 21:47:27.506329
dantenetwork/zkp-examples,2024-05-16 21:48:27.392862
daog1/near-gif-gallery,2024-05-16 21:48:30.757598
incognitochain/solana-bridge,2024-05-16 21:57:34.919427
infinityfish/friends_contract,2024-05-16 21:57:44.890589
influx6/dapp-learn,2024-05-16 21:57:51.193088
jamesondh/oracle-monorepo-near,2024-05-16 21:58:37.433077
jumbo-exchange/contracts,2024-05-16 21:59:39.145855
jumpsiegel/near-rps,2024-05-16 21:59:42.688190
maxhr/smart-lottery,2024-05-16 22:03:43.311455
milenakrawczyk/loyalty-program-with-ft,2024-05-16 22:04:43.279733
near/queryapi,2024-05-16 22:07:46.221875
nearvndev/simple-amm-contract,2024-05-16 22:08:45.908042
nearvndev/staking-contract-rs,2024-05-16 22:08:49.036103
nearvndev/staking-contract-rs-tutorial,2024-05-16 22:08:52.124138
nearvndev/uit-ecommerce-contract,2024-05-16 22:08:55.563110
saraswatpuneet/mprnc-on-near,2024-05-16 22:16:56.207342
FinancialMustFreedom/2048-demo,2024-05-16 22:34:11.167068
FinancialMustFreedom/nft-market-demo,2024-05-16 22:34:14.216739
Flaviusns/reto_dApp,2024-05-16 22:34:19.098387
PinSaveDAO/PinSaveNear,2024-05-16 22:43:22.722807
TENAMINT/NearContractsV1,2024-05-16 22:46:25.742007
Veridise/fluffy-zkevm-fuzzer,2024-05-16 22:48:25.394135
esaminu/console-boilerplate-template-rs-25ftg,2024-05-16 23:02:39.813025
esaminu/console-boilerplate-template-rs-25gjfgj,2024-05-16 23:02:42.934170
esaminu/console-boilerplate-template-rs-25hfg,2024-05-16 23:02:46.086837
esaminu/console-boilerplate-template-rs-25jmngvh,2024-05-16 23:02:49.095176
esaminu/console-boilerplate-template-rs-local-oou,2024-05-16 23:02:52.391772
esaminu/console-boilerplate-template-rs-local-oov,2024-05-16 23:02:55.335789
keypom/account-factory,2024-05-16 23:10:48.000641
mariogarcia-ar/tcoin,2024-05-16 23:13:51.009316
marioiordanov/rust-template,2024-05-16 23:13:54.078645
roke-to/roketo-contract,2024-05-16 23:27:06.919582
stader-labs/stader-lp-staking,2024-05-16 23:30:06.218827
stader-labs/stader-terra-kyv,2024-05-16 23:30:10.771049
willemneal/near-tiger-nft,2024-05-16 23:36:13.652168
PaulFidika/near-guestbook,2024-05-16 23:55:10.442416
Scott-Canning/near_sdk_playground,2024-05-16 23:57:12.915333
Seatlab-dev/Forked-Near-Rust-Sdk,2024-05-16 23:57:17.401318
Seatlab-dev/SEAT-ft-contract,2024-05-16 23:57:20.705631
Seatlab-dev/Smart-Contracts-Common-Library,2024-05-16 23:57:23.753510
battlemon-project/sui-workspace,2024-05-17 00:05:20.372369
bracketloader/wormhole,2024-05-17 00:06:28.515305
chawyehsu/octolinker-rust-test-cases,2024-05-17 00:08:25.196957
diadata-org/near-contracts,2024-05-17 00:12:26.874109
diadata-org/oracle-pallet,2024-05-17 00:12:30.803388
esaminu/console-boilerplate-template-rs-257,2024-05-17 00:14:29.007658
esaminu/console-boilerplate-template-rs-25as,2024-05-17 00:14:32.028083
happy-zhangbo/near-status-one,2024-05-17 00:18:33.806597
joelvaiju/near-spring-NFT-challenge3,2024-05-17 00:21:59.102295
phamminh0811/Near-Smartcontract,2024-05-17 00:35:27.222650
phamminh0811/upgrade_contract,2024-05-17 00:35:30.172843
RefoundLabs/refound,2024-05-17 01:32:18.269223
VitalPointAI/near-onboarding-guilds,2024-05-17 01:36:49.599740
allanokothdev/Carbonic-NEAR-,2024-05-17 01:39:20.657194
allanokothdev/Circular-Chain-Smart-Contract,2024-05-17 01:39:23.728760
allanokothdev/Culture-Review,2024-05-17 01:39:26.664228
coin98/coin98-vault-sol,2024-05-17 01:46:27.323680
debionetwork/debio-node,2024-05-17 01:48:30.456845
hack-a-chain-software/near-tipping-bot,2024-05-17 01:55:36.838274
hack-a-chain-software/near.monorepo,2024-05-17 01:55:46.168150
ioustamora/fisha,2024-05-17 01:58:48.026273
octopus-network/ics12-near,2024-05-17 02:11:04.514699
Evan-Piro-LLC/0ve,2024-05-17 02:34:03.133293
KyberNetwork/openbook-spl,2024-05-17 02:37:06.960929
TheKinDAO/Work_Contract,2024-05-17 02:47:17.178251
ahsan-arif/Near-Staking-DApp,2024-05-17 02:50:19.351590
ailisp/corgi3d-contract,2024-05-17 02:50:23.993073
cloudmex/burrito-battle,2024-05-17 02:56:25.142006
deprecated-near-apps/access-key-helper,2024-05-17 02:59:28.629856
deprecated-near-apps/coin-flip,2024-05-17 02:59:31.759194
deprecated-near-apps/cross-contract,2024-05-17 02:59:34.959158
deprecated-near-apps/ft-141-demo,2024-05-17 02:59:38.064928
deprecated-near-apps/ft-launcher,2024-05-17 02:59:41.204087
deprecated-near-apps/gnr8,2024-05-17 02:59:44.903178
kdbvier/Near-NFT,2024-05-17 03:09:37.809089
linear-protocol/LiNEAR,2024-05-17 03:11:43.381914
near-ndc/verification-oracle,2024-05-17 03:16:45.109951
near-ndc/voting-v1,2024-05-17 03:16:48.433711
near-ndc/wasm-arithmetic-exception,2024-05-17 03:16:51.281465
sayantank/serum-gov,2024-05-17 03:26:56.902627
thawalk/VeryNear,2024-05-17 03:30:59.405575
tonic-foundation/goblin-contracts,2024-05-17 03:32:02.340166
vself-project/vstudio-metabuild,2024-05-17 03:34:03.159689
ylmzfun/near-store,2024-05-17 03:36:04.263760
ymc182/NephilimToken,2024-05-17 03:36:07.471381
Mintbase/mintbase-core,2024-05-17 03:52:11.781754
SteMak/be_positive_public,2024-05-17 03:59:19.375308
Tolujoh-n/Near-bootcamp-project,2024-05-17 04:01:21.186335
YellingOilbird/coinsender,2024-05-17 04:03:21.833062
animysore/shiny,2024-05-17 04:05:24.073635
dantenetwork/Trustless_Bridge,2024-05-17 04:12:31.950283
gagdiez/near-drop,2024-05-17 04:18:37.745913
lightsea90/token-sale,2024-05-17 04:26:46.857797
near-examples/collection-examples-rs,2024-05-17 04:30:49.040342
near-examples/counters,2024-05-17 04:30:53.588621
robert-zaremba/vostok-dao,2024-05-17 04:41:01.240712
switchboard-xyz/starknet-sdk,2024-05-17 04:45:04.071828
uz0/lab1-extg-blackjack,2024-05-17 04:48:05.071640
uz0/lab1-k-dizzled-sokoban-rust,2024-05-17 04:48:08.054601
uz0/lab1-lebedev-cryptobros,2024-05-17 04:48:11.194606
uz0/lab2-klimoza-factory,2024-05-17 04:48:14.250666
uz0/lab2-vdikan-near-deblockle,2024-05-17 04:48:17.371312
zogmwa/Core-contracts-Nearchain,2024-05-17 04:52:11.256164
FucktheKingcode/Uranus,2024-05-17 05:05:09.826012
Learn-NEAR-Hispano/starter-contracts,2024-05-17 05:09:10.733327
bandprotocol/near-poc,2024-05-17 05:25:26.893157
baoanh1310/faucet-dapp,2024-05-17 05:25:30.242918
chalmundev/nft-market,2024-05-17 05:28:31.520829
dougbutner/student-pay,2024-05-17 05:33:34.692879
mothblue1111/Net-145-and-nep-148-contract,2024-05-17 05:47:48.700568
phamr39/tk_contract,2024-05-17 05:54:55.151646
phamvmnhut/near-staking-contract,2024-05-17 05:54:59.357964
phamvmnhut/near-started,2024-05-17 05:55:02.598053
snipe-near/snipe-near-contract,2024-05-17 06:01:01.684612
NEAR-Hispano/home-delivery,2024-05-17 06:23:14.902769
YCrydev/nft-check,2024-05-17 06:32:23.959697
anson-vandoren/economist-game,2024-05-17 06:34:24.103348
birea/near-proof-of-faucet,2024-05-17 06:36:27.559159
cmgoes/near-skyward-contract,2024-05-17 06:39:28.699209
cmgoes/varda-nftmarketplace,2024-05-17 06:39:32.956868
cobang/SolanaNFTMarket,2024-05-17 06:39:36.347666
cultist-tech/near-market,2024-05-17 06:40:29.722695
cultist-tech/near-nft,2024-05-17 06:40:33.106372
evgenykuzyakov/nft-viewer,2024-05-17 06:45:34.583032
manisaiprasad/OpenOcean,2024-05-17 06:55:52.240129
petarvujovic98/guest-book-rs,2024-05-17 07:04:53.053521
petarvujovic98/near-rust-riddles,2024-05-17 07:05:18.716058
sweatco/near-self-update,2024-05-17 07:13:01.367075
timurguvenkaya/near-rust-macros-library,2024-05-17 07:15:03.339328
timurguvenkaya/near-sc-security-course,2024-05-17 07:15:08.945428
codingPhuc/smart-contrat,2024-05-17 07:51:30.493290
codingPhuc/smart_contract_rust,2024-05-17 07:51:34.068029
dapplets/community-badges,2024-05-17 07:53:31.340470
deprecated-near-apps/linkdrop-proxy,2024-05-17 07:54:34.856048
neitdung/near-arbitrage,2024-05-17 08:14:53.634380
twinstake/permissioned-delegation-near,2024-05-17 08:28:05.389992
warp-contracts/sonar,2024-05-17 08:30:07.660691
warp-contracts/warp,2024-05-17 08:30:13.905932
zeropoolnetwork/near-groth16-verifier,2024-05-17 08:32:09.670115
zeropoolnetwork/nep21-playground,2024-05-17 08:32:12.982823
zeropoolnetwork/zeropool-faucet,2024-05-17 08:32:16.195899
zeropoolnetwork/zeropool-near,2024-05-17 08:32:29.858901
EKivutha/Near-Supply-Chain,2024-05-17 08:40:09.917637
EKivutha/nft,2024-05-17 08:40:13.128364
FroVolod/near-cli-rs-instance,2024-05-17 08:41:09.211699
RequestNetwork/near-contracts,2024-05-17 08:51:19.076233
carlonicolo/rust-near-smartcontract,2024-05-17 09:02:29.308132
catmcgee/near-voting-contracts,2024-05-17 09:02:34.246483
coin98/coin98-dollar-mint-burn-sol,2024-05-17 09:04:34.600893
deprecated-near-apps/nearbp,2024-05-17 09:07:34.858161
deprecated-near-apps/payments-api,2024-05-17 09:07:39.329364
deprecated-near-apps/payments-contract,2024-05-17 09:07:43.583642
kelonye/downtown-stimulus,2024-05-17 09:17:45.959256
kels-orien/near-rust-project,2024-05-17 09:17:48.769655
kels-orien/nft-marketplace-part-1,2024-05-17 09:17:51.957169
kels-orien/nft-marketplace-part-2,2024-05-17 09:17:55.183844
near-examples/cross-contract-calls,2024-05-17 09:23:52.055231
ontology-tech/DID-NEAR-rust,2024-05-17 09:28:55.470436
onyb/zkloans,2024-05-17 09:28:58.727143
opact-protocol/tickets,2024-05-17 09:29:13.297076
postech-dao/beacon-chain,2024-05-17 09:31:59.653530
postech-dao/cosmos,2024-05-17 09:32:03.194448
telezhnaya/near_contract_example,2024-05-17 09:38:04.076100
xiyu1984/NFT-Borrow,2024-05-17 09:44:10.638271
xiyu1984/mutex_near,2024-05-17 09:44:13.681149
Dev-JiwonShin/bustercore,2024-05-17 09:51:19.627255
Dev-JunYoung/nearcore_June,2024-05-17 09:51:23.838572
NEAR-Hispano/identicon,2024-05-17 09:59:27.742373
NEAR-Hispano/magic-chess,2024-05-17 09:59:31.061208
NEAR-Hispano/near-e-sports,2024-05-17 10:01:06.033933
NEAR-Hispano/near-f-tickets,2024-05-17 10:01:29.543166
NEAR-Hispano/p2p-dex,2024-05-17 10:01:33.177614
NEAR-Hispano/sharingshard,2024-05-17 10:01:54.570271
austinabell/abi-connected-example,2024-05-17 10:13:21.231192
austinabell/blockchess,2024-05-17 10:13:25.196071
birea/nft-market,2024-05-17 10:14:23.947666
doriancrutcher/onboarding-contract,2024-05-17 10:21:33.119306
iOchando/Artemis-Contract,2024-05-17 10:27:36.733610
iOchando/Artemis-ContractNTF,2024-05-17 10:27:44.201617
kycdao/smart-contracts,2024-05-17 10:31:40.659823
0x0aa0/Mirror721,2024-05-23 11:23:04.570166
